,mean_fit_time,std_fit_time,mean_score_time,std_score_time,param_min_cluster_size,param_min_samples,params,split0_test_score,split1_test_score,split2_test_score,split3_test_score,split4_test_score,mean_test_score,std_test_score,rank_test_score,split0_train_score,split1_train_score,split2_train_score,split3_train_score,split4_train_score,mean_train_score,std_train_score
0,43.94294557571411,0.9928473124274136,9.279020643234253,0.21005096939621332,10,5,"{'min_cluster_size': 10, 'min_samples': 5}",0.2443503737449646,0.2446340173482895,0.2614579498767853,0.2399463653564453,0.2492898851633072,0.24793571829795838,0.0073792980685079,2,0.1017422154545784,0.11688300967216492,0.09551024436950684,0.09798768907785416,0.10170013457536697,0.10276465862989426,0.007442478109133177
1,42.66147184371948,0.13336843953574548,9.017024660110474,0.16319703800359497,1000,5,"{'min_cluster_size': 1000, 'min_samples': 5}",0.3617672622203827,0.2587926387786865,0.39238250255584717,0.2793561518192291,0.36036354303359985,0.33053241968154906,0.051877838460628226,1,0.30080050230026245,0.3207268714904785,0.29551512002944946,0.31472229957580566,0.3059828281402588,0.30754952430725097,0.009142449399286335
