,mean_fit_time,std_fit_time,mean_score_time,std_score_time,param_min_cluster_size,param_min_samples,params,split0_test_score,split1_test_score,split2_test_score,split3_test_score,split4_test_score,mean_test_score,std_test_score,rank_test_score,split0_train_score,split1_train_score,split2_train_score,split3_train_score,split4_train_score,mean_train_score,std_train_score
0,199.7854155063629,18.88591550908578,20.144646835327148,0.6883689839369618,5,5,"{'min_cluster_size': 5, 'min_samples': 5}",0.5978959790483432,0.7011272799554377,0.5509236816143805,0.6951359202444832,0.8112754323697072,0.6712716586464704,0.09047601195268676,1,0.8906842086268235,0.8970840644141315,0.8788290020092464,0.4378229377156382,0.7999783431175703,0.780879711176682,0.17504699397917683
1,169.72698106765748,52.34383138943414,13.528303623199463,3.7394245698080244,10,5,"{'min_cluster_size': 10, 'min_samples': 5}",-0.29265359041561945,-0.268367396615155,-0.3051756018789216,-0.30357433911658555,-0.2730031533126412,-0.28855481626778456,0.015284126820683917,3,0.6060289385022515,0.5238231853274933,-0.2759378174831184,0.520316143889161,-0.2652101230292789,0.22180406544130168,0.4032080268604778
2,126.04519648551941,6.35191172240324,10.971275234222412,0.9032180013453976,15,5,"{'min_cluster_size': 15, 'min_samples': 5}",-0.24280851501787198,-0.2569552313378794,-0.2477747862282521,-0.2595809854338161,-0.24844571778559785,-0.2511130471606835,0.0062138712686544105,2,-0.24759218403964503,-0.25036410195395087,-0.25713849641513364,-0.2519452001608055,-0.24546009205366348,-0.25050001492463975,0.004000819221189127
