,mean_fit_time,std_fit_time,mean_score_time,std_score_time,param_min_cluster_size,param_min_samples,params,split0_test_score,split1_test_score,split2_test_score,split3_test_score,split4_test_score,mean_test_score,std_test_score,rank_test_score,split0_train_score,split1_train_score,split2_train_score,split3_train_score,split4_train_score,mean_train_score,std_train_score
0,100.0797776222229,0.6855282991886199,18.350787115097045,0.9304797083986965,85,8,"{'min_cluster_size': 85, 'min_samples': 8}",0.43256840109825134,0.4522593021392822,0.42287272214889526,0.46516790986061096,0.4392203390598297,0.4424177348613739,0.014857100298521086,1,0.32440704107284546,0.33672580122947693,0.32899340987205505,0.3414055109024048,0.33291107416152954,0.3328885674476624,0.0059054506626551985
